Date,Name,Year,Letterboxd URI
2016-03-16,Mad Max: Fury Road,2015,https://boxd.it/2DjO
2016-03-16,Star Wars: The Force Awakens,2015,https://boxd.it/4vru
2016-03-16,Birdman or (The Unexpected Virtue of Ignorance),2014,https://boxd.it/5RFA
2016-03-16,Interstellar,2014,https://boxd.it/4VZ8
2016-03-16,Django Unchained,2012,https://boxd.it/2cCk
2016-03-16,Gone Girl,2014,https://boxd.it/6hQu
2016-03-16,Guardians of the Galaxy,2014,https://boxd.it/3VH2
2016-03-16,The Wolf of Wall Street,2013,https://boxd.it/3C1m
2016-03-16,Pulp Fiction,1994,https://boxd.it/29Pq
2016-03-16,Gravity,2013,https://boxd.it/GZY
2016-03-16,The Dark Knight,2008,https://boxd.it/2b0k
2016-03-16,Nightcrawler,2014,https://boxd.it/780m
2016-03-16,Inception,2010,https://boxd.it/1skk
2016-03-16,Drive,2011,https://boxd.it/IG
2016-03-16,The Avengers,2012,https://boxd.it/1xFW
2016-03-16,The Martian,2015,https://boxd.it/8SeG
2016-03-16,Fight Club,1999,https://boxd.it/2a9q
2016-03-16,Star Wars,1977,https://boxd.it/72s
2016-03-16,The Dark Knight Rises,2012,https://boxd.it/H3m
2016-03-16,Inglourious Basterds,2009,https://boxd.it/1JzG
2016-03-16,The Empire Strikes Back,1980,https://boxd.it/27Vw
2016-03-16,The Lego Movie,2014,https://boxd.it/4pDO
2016-03-16,Moonrise Kingdom,2012,https://boxd.it/2Wng
2016-03-16,Skyfall,2012,https://boxd.it/17Fc
2016-03-16,Alien,1979,https://boxd.it/2awY
2016-03-16,Jurassic World,2015,https://boxd.it/4n0g
2016-03-16,Eternal Sunshine of the Spotless Mind,2004,https://boxd.it/6YK
2016-03-16,American Hustle,2013,https://boxd.it/5dz8
2016-03-16,The Big Lebowski,1998,https://boxd.it/2b6C
2016-03-16,Reservoir Dogs,1992,https://boxd.it/2agc
2016-03-16,Kill Bill: Vol. 1,2003,https://boxd.it/70w
2016-03-16,Fargo,1996,https://boxd.it/2aHM
2016-03-16,The Lord of the Rings: The Fellowship of the Ring,2001,https://boxd.it/2b5O
2016-03-16,Back to the Future,1985,https://boxd.it/2b8e
2016-03-16,Pacific Rim,2013,https://boxd.it/2cB2
2016-03-16,The Hobbit: An Unexpected Journey,2012,https://boxd.it/GZk
2016-03-16,Looper,2012,https://boxd.it/ham
2016-03-16,The Matrix,1999,https://boxd.it/2a1m
2016-03-16,Argo,2012,https://boxd.it/2czU
2016-03-16,The Silence of the Lambs,1991,https://boxd.it/2aHW
2016-03-16,Return of the Jedi,1983,https://boxd.it/27Vm
2016-03-18,Akira,1988,https://boxd.it/2b1i
2016-03-18,Borat: Cultural Learnings of America for Make Benefit Glorious Nation of Kazakhstan,2006,https://boxd.it/2agQ
2016-03-18,My Neighbor Totoro,1988,https://boxd.it/20eA
2016-03-18,The Shawshank Redemption,1994,https://boxd.it/2aHi
2016-03-18,Spirited Away,2001,https://boxd.it/2b4m
2016-03-18,Oldboy,2003,https://boxd.it/29R2
2016-03-18,The Royal Tenenbaums,2001,https://boxd.it/1YHU
2016-05-26,The Broken Circle Breakdown,2012,https://boxd.it/4pHm
2016-05-29,Hunt for the Wilderpeople,2016,https://boxd.it/cTgG
2016-06-03,Se7en,1995,https://boxd.it/29zs
2016-06-10,Melancholia,2011,https://boxd.it/bPI
2016-06-25,Meet the Patels,2014,https://boxd.it/7Yck
2016-07-01,The Man from U.N.C.L.E.,2015,https://boxd.it/67lG
2016-07-04,Ex Machina,2014,https://boxd.it/7T2k
2016-08-20,Inside Out,2015,https://boxd.it/4KHC
2016-09-24,Gone Baby Gone,2007,https://boxd.it/23R6
2016-10-02,Miss Peregrine's Home for Peculiar Children,2016,https://boxd.it/8KPu
2016-12-30,La La Land,2016,https://boxd.it/a5fa
2016-12-30,Rogue One: A Star Wars Story,2016,https://boxd.it/aPvy
2016-12-30,Die Hard,1988,https://boxd.it/2a7u
2017-03-07,Nocturnal Animals,2016,https://boxd.it/bkFu
2017-03-08,Arrival,2016,https://boxd.it/aNGk
2017-06-15,The Lobster,2015,https://boxd.it/7tnw
2017-06-15,The Truman Show,1998,https://boxd.it/18U8
2017-06-15,The Crow,1994,https://boxd.it/1Yxq
2017-06-15,Monty Python and the Holy Grail,1975,https://boxd.it/29GI
2017-06-15,Predator,1987,https://boxd.it/2b84
2017-06-15,Almost Famous,2000,https://boxd.it/29CQ
2017-06-15,Hot Fuzz,2007,https://boxd.it/2416
2017-06-15,Shutter Island,2010,https://boxd.it/1U82
2017-06-15,Ace Ventura: Pet Detective,1994,https://boxd.it/25RW
2017-06-15,Kick-Ass,2010,https://boxd.it/1zaQ
2017-06-15,The Evil Dead,1981,https://boxd.it/29Go
2017-07-19,Black Mirror: White Christmas,2014,https://boxd.it/B3qu
2017-10-15,Blade Runner,1982,https://boxd.it/2bcA
2017-11-07,Thor: Ragnarok,2017,https://boxd.it/8MHi
2018-01-25,Star Wars: The Last Jedi,2017,https://boxd.it/5xme
2018-01-25,Baby Driver,2017,https://boxd.it/bhF2
2018-01-28,The Post,2017,https://boxd.it/fTeG
2018-01-28,"Three Billboards Outside Ebbing, Missouri",2017,https://boxd.it/ceBS
2018-02-02,Blade Runner 2049,2017,https://boxd.it/b8wK
2018-02-18,Suburbicon,2017,https://boxd.it/dQ8Q
2018-03-16,The Imitation Game,2014,https://boxd.it/6aig
2018-03-17,Zodiac,2007,https://boxd.it/27MO
2018-05-17,Mulholland Drive,2001,https://boxd.it/297o
2018-07-28,Princess Mononoke,1997,https://boxd.it/2b4w
2018-10-15,Tag,2018,https://boxd.it/gh7Y
2018-12-29,The Favourite,2018,https://boxd.it/d2hI
2019-02-16,Velvet Buzzsaw,2019,https://boxd.it/gAy0
2019-09-30,Midsommar,2019,https://boxd.it/jhxe
2020-02-29,Parasite,2019,https://boxd.it/hTha
2020-02-29,Jojo Rabbit,2019,https://boxd.it/iEBG
2020-02-29,Once Upon a Time… in Hollywood,2019,https://boxd.it/gH0O
2020-08-23,Spider-Man: Into the Spider-Verse,2018,https://boxd.it/azpY
2020-08-23,Bohemian Rhapsody,2018,https://boxd.it/f1TK
2020-08-23,Dogtooth,2009,https://boxd.it/158K
2020-09-06,Lost in Translation,2003,https://boxd.it/2b0E
2020-09-06,The Wizard of Oz,1939,https://boxd.it/29Xu
2021-02-06,Perfect Blue,1997,https://boxd.it/1W7A
2021-05-22,The Mitchells vs. The Machines,2021,https://boxd.it/i7xm
2021-06-20,Crazy Rich Asians,2018,https://boxd.it/gfnK
2021-08-21,The Godfather,1972,https://boxd.it/2aNK
2021-08-21,RED,2010,https://boxd.it/13uu
2021-08-21,RED 2,2013,https://boxd.it/4E4E
2021-12-26,No Time to Die,2021,https://boxd.it/cPX2
2021-12-26,Licorice Pizza,2021,https://boxd.it/qTKY
2021-12-27,Dune,2021,https://boxd.it/fA7G
2022-01-23,The Tragedy of Macbeth,2021,https://boxd.it/lMi4
2022-01-23,Paprika,2006,https://boxd.it/23wW
2022-01-24,Ready or Not,2019,https://boxd.it/kOf0
2022-03-16,Turning Red,2022,https://boxd.it/ipkq
2022-03-18,Joker,2019,https://boxd.it/h4cS
2022-03-18,Free Guy,2021,https://boxd.it/k8dm
2022-04-17,Hotel Artemis,2018,https://boxd.it/ejwW
2022-05-07,Don't Look Up,2021,https://boxd.it/o0Hc
2022-05-10,Romeo + Juliet,1996,https://boxd.it/2ama
2022-07-02,RRR,2022,https://boxd.it/ljDs
2022-07-02,Weathering with You,2019,https://boxd.it/kPxE
2022-12-25,Home Alone,1990,https://boxd.it/29Fg
2022-12-28,Glass Onion,2022,https://boxd.it/oCkK
2022-12-28,Triangle of Sadness,2022,https://boxd.it/hXlq
2023-01-28,The Menu,2022,https://boxd.it/lScm
2023-02-19,Nobody,2021,https://boxd.it/mLqS
2023-03-21,Everything Everywhere All at Once,2022,https://boxd.it/jUk4
2023-04-07,Murder Mystery 2,2023,https://boxd.it/nHOo
2023-04-07,The Batman,2022,https://boxd.it/eDGs
2023-04-07,Get Out,2017,https://boxd.it/eOCm
2023-04-07,American Psycho,2000,https://boxd.it/28Vs
2023-04-07,Murder Mystery,2019,https://boxd.it/iEBm
2023-04-07,Fantastic Mr. Fox,2009,https://boxd.it/1WyQ
2023-04-07,The Hunger Games,2012,https://boxd.it/2uds
2023-04-07,Knives Out,2019,https://boxd.it/jWEA
2023-04-07,Forrest Gump,1994,https://boxd.it/728
2023-04-07,Catch Me If You Can,2002,https://boxd.it/29VS
2023-04-07,10 Things I Hate About You,1999,https://boxd.it/23AO
2023-04-07,Little Miss Sunshine,2006,https://boxd.it/29EW
2023-04-07,Little Women,2019,https://boxd.it/aSVk
2023-04-07,Good Will Hunting,1997,https://boxd.it/2ahY
2023-04-07,Howl's Moving Castle,2004,https://boxd.it/23De
2023-04-07,Up,2009,https://boxd.it/1OEc
2023-04-07,Superbad,2007,https://boxd.it/20hO
2023-04-07,Us,2019,https://boxd.it/gnV6
2023-04-07,The Breakfast Club,1985,https://boxd.it/27q4
2023-04-07,Black Panther,2018,https://boxd.it/8MHs
2023-04-07,Harry Potter and the Prisoner of Azkaban,2004,https://boxd.it/29Qy
2023-04-07,Soul,2020,https://boxd.it/ioLA
2023-04-07,Memento,2000,https://boxd.it/2bcK
2023-04-07,Harry Potter and the Philosopher's Stone,2001,https://boxd.it/29QS
2023-04-07,The Devil Wears Prada,2006,https://boxd.it/2awE
2023-04-07,The Lord of the Rings: The Return of the King,2003,https://boxd.it/2b5u
2023-04-07,Mean Girls,2004,https://boxd.it/1VNg
2023-04-07,Uncut Gems,2019,https://boxd.it/gXGc
2023-04-07,Shrek 2,2004,https://boxd.it/29z8
2023-04-07,The Departed,2006,https://boxd.it/28MA
2023-04-07,The Lord of the Rings: The Two Towers,2002,https://boxd.it/2b5E
2023-04-07,"Monsters, Inc.",2001,https://boxd.it/2a46
2023-04-07,Toy Story,1995,https://boxd.it/29qA
2023-04-07,The Incredibles,2004,https://boxd.it/1XLm
2023-04-07,Tenet,2020,https://boxd.it/leq4
2023-04-07,Spider-Man,2002,https://boxd.it/2a8i
2023-04-07,The Godfather: Part II,1974,https://boxd.it/2aNq
2023-04-07,Finding Nemo,2003,https://boxd.it/72i
2023-04-07,Trainspotting,1996,https://boxd.it/29XY
2023-04-07,Schindler's List,1993,https://boxd.it/2aq2
2023-04-07,The Prestige,2006,https://boxd.it/293w
2023-04-07,The Hangover,2009,https://boxd.it/1GjK
2023-04-07,Brokeback Mountain,2005,https://boxd.it/2b2q
2023-04-07,Harry Potter and the Chamber of Secrets,2002,https://boxd.it/29QI
2023-04-07,The Lion King,1994,https://boxd.it/201Q
2023-04-07,Star Wars: Episode III - Revenge of the Sith,2005,https://boxd.it/27US
2023-04-07,Iron Man,2008,https://boxd.it/28dA
2023-04-07,Juno,2007,https://boxd.it/210a
2023-04-07,Batman Begins,2005,https://boxd.it/2aIg
2023-04-07,Harry Potter and the Deathly Hallows: Part 2,2011,https://boxd.it/1RYk
2023-04-07,A Quiet Place,2018,https://boxd.it/fVJQ
2023-04-07,Spider-Man 2,2004,https://boxd.it/2a88
2023-04-07,The Nice Guys,2016,https://boxd.it/94Hg
2023-04-07,Thor: Love and Thunder,2022,https://boxd.it/mMAY
2023-04-07,Harry Potter and the Order of the Phoenix,2007,https://boxd.it/29Qe
2023-04-07,Ferris Bueller's Day Off,1986,https://boxd.it/1YPY
2023-04-07,Mamma Mia!,2008,https://boxd.it/1Tnq
2023-04-07,Clueless,1995,https://boxd.it/1Ygk
2023-04-07,Easy A,2010,https://boxd.it/17DK
2023-04-07,The Great Gatsby,2013,https://boxd.it/JY
2023-04-07,Kill Bill: Vol. 2,2004,https://boxd.it/2au4
2023-04-07,Harry Potter and the Half-Blood Prince,2009,https://boxd.it/29FU
2023-04-07,The Darjeeling Limited,2007,https://boxd.it/24as
2023-04-07,"Girl, Interrupted",1999,https://boxd.it/25ds
2023-04-07,Star Wars: Episode I - The Phantom Menace,1999,https://boxd.it/27Vc
2023-04-07,Harry Potter and the Deathly Hallows: Part 1,2010,https://boxd.it/1RYu
2023-04-07,Wedding Crashers,2005,https://boxd.it/1Yte
2023-04-07,Mr. & Mrs. Smith,2005,https://boxd.it/29CG
2023-04-07,DodgeBall: A True Underdog Story,2004,https://boxd.it/1YAY
2023-04-07,Zoolander,2001,https://boxd.it/1YMA
2023-04-07,Anchorman: The Legend of Ron Burgundy,2004,https://boxd.it/1ZVo
2023-04-07,Starsky & Hutch,2004,https://boxd.it/1YOQ
2023-04-07,Be Cool,2005,https://boxd.it/248w
2023-04-07,"Wake Up, Ron Burgundy: The Lost Movie",2004,https://boxd.it/1XpU
2023-04-07,Grease,1978,https://boxd.it/29YW
2023-04-07,Bolt,2008,https://boxd.it/1QXg
2023-04-07,Face/Off,1997,https://boxd.it/29I0
2023-04-07,Austin Powers in Goldmember,2002,https://boxd.it/29xG
2023-04-07,Get Shorty,1995,https://boxd.it/20Ga
2023-04-07,Swordfish,2001,https://boxd.it/1Y0m
2023-04-07,Unbreakable,2000,https://boxd.it/1XV2
2023-04-07,Sin City,2005,https://boxd.it/2aVk
2023-04-07,Ocean's Twelve,2004,https://boxd.it/2aZ2
2023-04-07,The Fifth Element,1997,https://boxd.it/71k
2023-04-07,Twelve Monkeys,1995,https://boxd.it/2beQ
2023-04-07,The Lego Movie 2: The Second Part,2019,https://boxd.it/8BAU
2023-04-07,Armageddon,1998,https://boxd.it/2b9Q
2023-04-07,Planet Terror,2007,https://boxd.it/27Gw
2023-04-07,Die Hard: With a Vengeance,1995,https://boxd.it/28zG
2023-04-07,Die Hard 2,1990,https://boxd.it/28zw
2023-04-07,The Expendables,2010,https://boxd.it/1rtA
2023-04-07,Live Free or Die Hard,2007,https://boxd.it/28zQ
2023-04-07,Sin City: A Dame to Kill For,2014,https://boxd.it/2aV0
2023-04-07,Charlie's Angels: Full Throttle,2003,https://boxd.it/1YB8
2023-04-07,A Good Day to Die Hard,2013,https://boxd.it/JrK
2023-04-07,The Whole Nine Yards,2000,https://boxd.it/27vS
2023-04-07,Bandits,2001,https://boxd.it/25Aw
2023-04-07,Shrek,2001,https://boxd.it/29zi
2023-04-07,Shrek the Third,2007,https://boxd.it/29yY
2023-04-07,Shrek Forever After,2010,https://boxd.it/1WRo
2023-04-07,Austin Powers: International Man of Mystery,1997,https://boxd.it/29y0
2023-04-07,Austin Powers: The Spy Who Shagged Me,1999,https://boxd.it/29xQ
2023-04-07,Wayne's World,1992,https://boxd.it/1ZHG
2023-04-07,Wayne's World 2,1993,https://boxd.it/1ZHw
2023-04-07,The Love Guru,2008,https://boxd.it/1Sm2
2023-04-07,Spy Kids,2001,https://boxd.it/1Xcw
2023-04-07,Alita: Battle Angel,2019,https://boxd.it/e0rS
2023-04-07,Grindhouse,2007,https://boxd.it/8RwY
2023-04-07,Machete,2010,https://boxd.it/1yXW
2023-04-07,The Book of Boba Fett,2021,https://boxd.it/Damy
2023-04-07,Machete Kills,2013,https://boxd.it/3BQI
2023-04-07,Machete,2007,https://boxd.it/eqfS
2023-04-07,Machete Kills Again... in Space,,https://boxd.it/hjEi
2023-04-07,Minions: The Rise of Gru,2022,https://boxd.it/fz9w
2023-04-07,Con Air,1997,https://boxd.it/28gO
2023-04-07,Predators,2010,https://boxd.it/1d9m
2023-04-07,The Hateful Eight,2015,https://boxd.it/8gw8
2023-04-07,Jackie Brown,1997,https://boxd.it/2aVO
2023-04-07,Reservoir Dogs,1991,https://boxd.it/fL8A
2023-04-07,Kill Bill: The Whole Bloody Affair,2011,https://boxd.it/eCrQ
2023-04-07,Clerks,1994,https://boxd.it/2706
2023-04-07,Dogma,1999,https://boxd.it/284e
2023-04-07,Zack and Miri Make a Porno,2008,https://boxd.it/1WsI
2023-04-07,Jay and Silent Bob Strike Back,2001,https://boxd.it/26ZM
2023-04-07,Clerks II,2006,https://boxd.it/26ZC
2023-04-07,Yoga Hosers,2016,https://boxd.it/96GE
2023-04-07,Back to the Well: 'Clerks II',2006,https://boxd.it/aYs4
2023-04-07,Death Race,2008,https://boxd.it/1W9m
2023-04-07,Crank,2006,https://boxd.it/27MY
2023-04-07,Snatch,2000,https://boxd.it/2b7U
2023-04-07,"Lock, Stock and Two Smoking Barrels",1998,https://boxd.it/2b92
2023-04-07,The Meg,2018,https://boxd.it/bAL4
2023-04-07,The Transporter,2002,https://boxd.it/24Nu
2023-04-07,Crank: High Voltage,2009,https://boxd.it/1MPs
2023-04-07,The Mechanic,2011,https://boxd.it/1rtg
2023-04-07,The One,2001,https://boxd.it/1Vni
2023-04-07,The Pink Panther,1963,https://boxd.it/29eO
2023-04-07,A Shot in the Dark,1964,https://boxd.it/28w8
2023-04-07,The Pink Panther Strikes Again,1976,https://boxd.it/1S9i
2023-04-07,The Return of the Pink Panther,1975,https://boxd.it/1SXi
2023-04-07,Revenge of the Pink Panther,1978,https://boxd.it/225g
2023-04-07,Trail of the Pink Panther,1982,https://boxd.it/1Y1k
2023-04-07,The Big Short,2015,https://boxd.it/ajZw
2023-04-07,Vice,2018,https://boxd.it/fcFY
2023-04-07,The Machinist,2004,https://boxd.it/248c
2023-04-07,The Fighter,2010,https://boxd.it/PP4
2023-04-07,Public Enemies,2009,https://boxd.it/1U8m
2023-04-07,Shaft,2000,https://boxd.it/2aiW
2023-04-07,Law Abiding Citizen,2009,https://boxd.it/1A2I
2023-04-07,Hero,2002,https://boxd.it/2bcq
2023-04-07,Lethal Weapon 4,1998,https://boxd.it/29dw
2023-04-07,"Crouching Tiger, Hidden Dragon",2000,https://boxd.it/2b1M
2023-04-07,Braveheart,1995,https://boxd.it/2aTI
2023-04-07,Mad Max,1979,https://boxd.it/1Y7i
2023-04-07,Mad Max 2,1981,https://boxd.it/1ZPg
2023-04-07,Lethal Weapon,1987,https://boxd.it/29e0
2023-04-07,Casper,1995,https://boxd.it/1ZMw
2023-04-07,Lethal Weapon 2,1989,https://boxd.it/29dQ
2023-04-07,What Women Want,2000,https://boxd.it/24Sa
2023-04-07,The Expendables 3,2014,https://boxd.it/4rmK
2023-04-07,Lethal Weapon 3,1992,https://boxd.it/29dG
2023-04-07,Minority Report,2002,https://boxd.it/2aWi
2023-04-07,Tropic Thunder,2008,https://boxd.it/20WM
2023-04-07,Mission: Impossible - Fallout,2018,https://boxd.it/bSVc
2023-04-07,Edge of Tomorrow,2014,https://boxd.it/4pD0
2023-04-07,Mission: Impossible,1996,https://boxd.it/29d2
2023-04-07,Rain Man,1988,https://boxd.it/2avw
2023-04-07,Mission: Impossible - Ghost Protocol,2011,https://boxd.it/psI
2023-04-07,Mission: Impossible - Rogue Nation,2015,https://boxd.it/5rI4
2023-04-07,Mission: Impossible III,2006,https://boxd.it/29cI
2023-04-07,Vanilla Sky,2001,https://boxd.it/27TK
2023-04-07,Mission: Impossible II,2000,https://boxd.it/29cS
2023-04-07,Oblivion,2013,https://boxd.it/2Bzq
2023-04-07,Jerry Maguire,1996,https://boxd.it/1YNS
2023-04-07,The Last Samurai,2003,https://boxd.it/29ZA
2023-04-07,The Mummy,2017,https://boxd.it/8HnW
2023-04-07,The Mummy,1999,https://boxd.it/2a7a
2023-04-07,The Mummy Returns,2001,https://boxd.it/28cs
2023-04-07,The Mummy: Tomb of the Dragon Emperor,2008,https://boxd.it/28ci
2023-04-07,Megamind,2010,https://boxd.it/16Sk
2023-04-07,Madagascar,2005,https://boxd.it/29dc
2023-04-07,Happy Gilmore,1996,https://boxd.it/1Yey
2023-04-07,There's Something About Mary,1998,https://boxd.it/2aae
2023-04-07,Meet the Parents,2000,https://boxd.it/28vE
2023-04-07,Meet the Fockers,2004,https://boxd.it/29NE
2023-04-07,The Cable Guy,1996,https://boxd.it/1XAI
2023-04-07,50 First Dates,2004,https://boxd.it/285c
2023-04-07,Click,2006,https://boxd.it/1YVM
2023-04-07,Grown Ups,2010,https://boxd.it/169a
2023-04-07,Just Go with It,2011,https://boxd.it/Doq
2023-04-07,Big Daddy,1999,https://boxd.it/1ZkW
2023-04-07,Grown Ups 2,2013,https://boxd.it/3GAq
2023-04-07,The Wedding Singer,1998,https://boxd.it/1USO
2023-04-07,You Don't Mess with the Zohan,2008,https://boxd.it/1VHs
2023-04-07,Billy Madison,1995,https://boxd.it/1UQI
2023-04-07,The Waterboy,1998,https://boxd.it/1VHi
2023-04-07,Little Nicky,2000,https://boxd.it/1Y4I
2023-04-07,Anger Management,2003,https://boxd.it/1YvO
2023-04-07,The Longest Yard,2005,https://boxd.it/1Z3c
2023-04-07,That's My Boy,2012,https://boxd.it/35IW
2023-04-07,Mr. Deeds,2002,https://boxd.it/27BQ
2023-04-07,Funny People,2009,https://boxd.it/1CRy
2023-04-07,The Ridiculous 6,2015,https://boxd.it/bFXk
2023-04-07,Deuce Bigalow: Male Gigolo,1999,https://boxd.it/1WlW
2023-04-07,Being John Malkovich,1999,https://boxd.it/2ahu
2023-04-07,Gangs of New York,2002,https://boxd.it/25FG
2023-04-07,The Mask,1994,https://boxd.it/29rS
2023-04-07,The Holiday,2006,https://boxd.it/28ye
2023-04-07,My Best Friend's Wedding,1997,https://boxd.it/1ZHm
2023-04-07,Knight and Day,2010,https://boxd.it/17po
2023-04-07,Valentine's Day,2010,https://boxd.it/1gui
2023-04-07,Jobs,2013,https://boxd.it/3RcY
2023-04-07,Bruce Almighty,2003,https://boxd.it/2aCC
2023-04-07,Liar Liar,1997,https://boxd.it/28sg
2023-04-07,Ace Ventura: When Nature Calls,1995,https://boxd.it/1Z66
2023-04-07,Lemony Snicket's A Series of Unfortunate Events,2004,https://boxd.it/1T7s
2023-04-07,"Me, Myself & Irene",2000,https://boxd.it/27nY
2023-04-07,Trainwreck,2015,https://boxd.it/8bdA
2023-04-07,WarGames,1983,https://boxd.it/29qU
2023-04-07,Godzilla,1998,https://boxd.it/29fW
2023-04-07,The Terminator,1984,https://boxd.it/2aQY
2023-04-07,Total Recall,1990,https://boxd.it/29qK
2023-04-07,Terminator 2: Judgment Day,1991,https://boxd.it/2aGY
2023-04-07,Batman & Robin,1997,https://boxd.it/2ar0
2023-04-07,Terminator: Dark Fate,2019,https://boxd.it/96YI
2023-04-07,True Lies,1994,https://boxd.it/19pq
2023-04-07,Terminator 3: Rise of the Machines,2003,https://boxd.it/2aES
2023-04-07,Terminator Genisys,2015,https://boxd.it/35s0
2023-04-07,Last Action Hero,1993,https://boxd.it/1YhW
2023-04-07,The Running Man,1987,https://boxd.it/29q6
2023-04-07,Twins,1988,https://boxd.it/1YxK
2023-04-07,The Expendables 2,2012,https://boxd.it/2CPE
2023-04-07,Kindergarten Cop,1990,https://boxd.it/29dm
2023-04-07,End of Days,1999,https://boxd.it/1XsO
2023-04-07,Eraser,1996,https://boxd.it/1Z6U
2023-04-07,The 6th Day,2000,https://boxd.it/207Y
2023-04-07,School of Rock,2003,https://boxd.it/28xK
2023-04-07,Jumanji: Welcome to the Jungle,2017,https://boxd.it/bUeE
2023-04-07,Kung Fu Panda,2008,https://boxd.it/1Yws
2023-04-07,Ice Age,2002,https://boxd.it/2apS
2023-04-07,Jumanji: The Next Level,2019,https://boxd.it/ixu4
2023-04-07,King Kong,2005,https://boxd.it/2aLa
2023-04-07,High Fidelity,2000,https://boxd.it/2aMW
2023-04-07,Nacho Libre,2006,https://boxd.it/1YTG
2023-04-07,Shallow Hal,2001,https://boxd.it/1XBm
2023-04-07,Year One,2009,https://boxd.it/1Ink
2023-04-07,Natural Born Killers,1994,https://boxd.it/2aNg
2023-04-07,Kiss Kiss Bang Bang,2005,https://boxd.it/23c8
2023-04-07,Sherlock Holmes,2009,https://boxd.it/1W2A
2023-04-07,Chef,2014,https://boxd.it/6lCG
2023-04-07,Sherlock Holmes: A Game of Shadows,2011,https://boxd.it/k3S
2023-04-07,Due Date,2010,https://boxd.it/YFs
2023-04-07,Gothika,2003,https://boxd.it/23y4
2023-04-07,Men in Black 3,2012,https://boxd.it/103U
2023-04-07,Popstar: Never Stop Never Stopping,2016,https://boxd.it/blDa
2023-04-07,Hot Rod,2007,https://boxd.it/1X9C
2023-04-07,Adventureland,2009,https://boxd.it/1JTQ
2023-04-07,This Is the End,2013,https://boxd.it/3GB4
2023-04-07,Alien: Covenant,2017,https://boxd.it/49UY
2023-04-07,Drillbit Taylor,2008,https://boxd.it/207u
2023-04-07,Spider-Man 3,2007,https://boxd.it/2a7Y
2023-04-07,Rise of the Planet of the Apes,2011,https://boxd.it/cS4
2023-04-07,Dawn of the Planet of the Apes,2014,https://boxd.it/3XyQ
2023-04-07,127 Hours,2010,https://boxd.it/SLa
2023-04-07,Pineapple Express,2008,https://boxd.it/1WRS
2023-04-07,Why Him?,2016,https://boxd.it/c3Wq
2023-04-07,21 Jump Street,2012,https://boxd.it/J0
2023-04-07,Moneyball,2011,https://boxd.it/glS
2023-04-07,"Hail, Caesar!",2016,https://boxd.it/881G
2023-04-07,Forgetting Sarah Marshall,2008,https://boxd.it/1XEq
2023-04-07,Get Him to the Greek,2010,https://boxd.it/1gyk
2023-04-07,The 40 Year Old Virgin,2005,https://boxd.it/21hK
2023-04-07,Chip 'n Dale: Rescue Rangers,2022,https://boxd.it/eSk2
2023-04-07,Palm Springs,2020,https://boxd.it/lCXQ
2023-04-07,Friends with Benefits,2011,https://boxd.it/DoK
2023-04-07,The Social Network,2010,https://boxd.it/17ue
2023-04-07,In Time,2011,https://boxd.it/FPS
2023-04-07,Ted,2012,https://boxd.it/2pgc
2023-04-07,Oz the Great and Powerful,2013,https://boxd.it/2cAI
2023-04-07,Family Guy Presents: Blue Harvest,2007,https://boxd.it/oiw2
2023-04-07,Max Payne,2008,https://boxd.it/1QXq
2023-04-07,"Family Guy Presents: Something, Something, Something, Dark Side",2009,https://boxd.it/naPy
2023-04-07,Family Guy Presents: It's a Trap!,2010,https://boxd.it/8v4S
2023-04-07,Stewie Griffin: The Untold Story,2005,https://boxd.it/4ca
2023-04-07,Zombieland,2009,https://boxd.it/1En6
2023-04-07,Now You See Me,2013,https://boxd.it/2Bsu
2023-04-07,Zombieland: Double Tap,2019,https://boxd.it/bgb6
2023-04-07,Semi-Pro,2008,https://boxd.it/1Qw0
2023-04-07,Horrible Bosses,2011,https://boxd.it/Ba2
2023-04-07,Horrible Bosses 2,2014,https://boxd.it/6HWy
2023-04-07,The Dead Don't Die,2019,https://boxd.it/juZg
2023-04-07,Gunpowder Milkshake,2021,https://boxd.it/l5fQ
2023-04-07,Capote,2005,https://boxd.it/2atq
2023-04-07,Patch Adams,1998,https://boxd.it/1Wzk
2023-04-07,Red Dragon,2002,https://boxd.it/1Yrs
2023-04-07,The Making of A Most Wanted Man,2015,https://boxd.it/EsVS
2023-04-07,Mrs. Doubtfire,1993,https://boxd.it/29Cw
2023-04-07,Happy Feet,2006,https://boxd.it/1XH0
2023-04-07,Robots,2005,https://boxd.it/1Xve
2023-04-07,One Hour Photo,2002,https://boxd.it/1YT2
2023-04-07,Flubber,1997,https://boxd.it/1YkQ
2023-04-07,Shaun of the Dead,2004,https://boxd.it/29J8
2023-04-07,Ready Player One,2018,https://boxd.it/aZes
2023-04-07,The World's End,2013,https://boxd.it/3EiO
2023-04-07,The Adventures of Tintin,2011,https://boxd.it/1Irc
2023-04-07,Paul,2011,https://boxd.it/13uE
2023-04-07,How to Lose Friends & Alienate People,2008,https://boxd.it/1QR8
2023-04-07,"Run, Fatboy, Run",2007,https://boxd.it/20K2
2023-04-07,Get Smart,2008,https://boxd.it/1Tig
2023-04-07,Dan in Real Life,2007,https://boxd.it/218y
2023-04-07,Ant-Man,2015,https://boxd.it/3vmW
2023-04-07,The Bob's Burgers Movie,2022,https://boxd.it/if7w
2023-04-07,Dinner for Schmucks,2010,https://boxd.it/15dA
2023-04-07,The Others,2001,https://boxd.it/27Po
2023-04-07,Batman Forever,1995,https://boxd.it/2ara
2023-04-07,Step Brothers,2008,https://boxd.it/1SsE
2023-04-07,The Other Guys,2010,https://boxd.it/1rtq
2023-04-07,Blades of Glory,2007,https://boxd.it/1Xrm
2023-04-07,Talladega Nights: The Ballad of Ricky Bobby,2006,https://boxd.it/1XYq
2023-04-07,Curious George,2006,https://boxd.it/1Xos
2023-04-07,Dallas Buyers Club,2013,https://boxd.it/4O8G
2023-04-07,Killer Joe,2011,https://boxd.it/2vtQ
2023-04-07,The Lincoln Lawyer,2011,https://boxd.it/DRM
2023-04-07,The Princess Diaries,2001,https://boxd.it/1XCO
2023-04-07,Alice in Wonderland,2010,https://boxd.it/1Spq
2023-04-07,Ocean's Eight,2018,https://boxd.it/eaai
2023-04-07,Les Misérables,2012,https://boxd.it/2TT4
2023-04-07,Sister Act 2: Back in the Habit,1993,https://boxd.it/21Qq
2023-04-07,Toy Story 3,2010,https://boxd.it/1WRe
2023-04-07,Sister Act,1992,https://boxd.it/27EA
2023-04-07,The Little Rascals,1994,https://boxd.it/1V8i
2023-04-07,Rat Race,2001,https://boxd.it/1XAo
2023-04-07,Game Night,2018,https://boxd.it/fRtu
2023-04-07,Hancock,2008,https://boxd.it/1Zv6
2023-04-07,Men in Black,1997,https://boxd.it/2a0I
2023-04-07,I Am Legend,2007,https://boxd.it/21DG
2023-04-07,The Pursuit of Happyness,2006,https://boxd.it/28PE
2023-04-07,Men in Black II,2002,https://boxd.it/2a0y
2023-04-07,"I, Robot",2004,https://boxd.it/27y8
2023-04-07,Bad Boys,1995,https://boxd.it/1XVG
2023-04-07,Hitch,2005,https://boxd.it/205o
2023-04-07,Bad Boys for Life,2020,https://boxd.it/15pc
2023-04-07,Bad Boys II,2003,https://boxd.it/1ZuW
2023-04-07,Wild Wild West,1999,https://boxd.it/205y
2023-04-07,Enemy of the State,1998,https://boxd.it/1XME
2023-04-07,Prometheus,2012,https://boxd.it/2s9e
2023-04-07,Atomic Blonde,2017,https://boxd.it/blDk
2023-04-07,Æon Flux,2005,https://boxd.it/20vc
2023-04-07,"I Love You, Man",2009,https://boxd.it/1JZu
2023-04-07,Toy Story 4,2019,https://boxd.it/9ALu
2023-04-07,Toy Story 2,1999,https://boxd.it/29qq
2023-04-07,Cars,2006,https://boxd.it/29ho
2023-04-07,The Green Mile,1999,https://boxd.it/2agG
2023-04-07,Borat Subsequent Moviefilm,2020,https://boxd.it/rNS0
2023-04-07,The Terminal,2004,https://boxd.it/2a2O
2023-04-07,The Simpsons Movie,2007,https://boxd.it/6YU
2023-04-07,Bridge of Spies,2015,https://boxd.it/9n9C
2023-04-07,Sully,2016,https://boxd.it/cD8Q
2023-04-07,Sleepless in Seattle,1993,https://boxd.it/29re
2023-04-07,Apollo 13,1995,https://boxd.it/2a6G
2023-04-07,Philadelphia,1993,https://boxd.it/1XMk
2023-04-07,Love Actually,2003,https://boxd.it/2aeU
2023-04-07,Ponyo,2008,https://boxd.it/1S0A
2023-04-07,The Life Aquatic with Steve Zissou,2004,https://boxd.it/2aqw
2023-04-07,The Aviator,2004,https://boxd.it/26BU
2023-04-07,Babel,2006,https://boxd.it/292o
2023-04-07,Robin Hood,2010,https://boxd.it/1D6o
2023-04-07,Marley & Me,2008,https://boxd.it/1Ola
2023-04-07,Shanghai Noon,2000,https://boxd.it/202a
2023-04-07,Shanghai Knights,2003,https://boxd.it/228a
2023-04-07,Ghostbusters,1984,https://boxd.it/g2w
2023-04-07,Groundhog Day,1993,https://boxd.it/2b3e
2023-04-07,Space Jam,1996,https://boxd.it/26YO
2023-04-07,The Jungle Book,2016,https://boxd.it/8wjk
2023-04-07,Stripes,1981,https://boxd.it/gY6
2023-04-07,Jumanji,1995,https://boxd.it/1ZLI
2023-04-07,Rush Hour,1998,https://boxd.it/27pU
2023-04-07,The Tuxedo,2002,https://boxd.it/1Vra
2023-04-07,GoodFellas,1990,https://boxd.it/29FA
2023-04-07,Elephant,2003,https://boxd.it/287i
2023-04-07,Napoleon Dynamite,2004,https://boxd.it/20wu
2023-04-07,Jurassic Park,1993,https://boxd.it/2aA2
2023-04-07,Twin Peaks,1990,https://boxd.it/g8pk
2023-04-07,The Matrix Resurrections,2021,https://boxd.it/n87k
2023-04-08,Gladiator,2000,https://boxd.it/2b9m
2023-04-08,Ghost in the Shell,2017,https://boxd.it/abTA
2023-04-08,Ghost in the Shell,1995,https://boxd.it/1YYc
2023-04-08,Cowboy Bebop,1998,https://boxd.it/ptES
2023-04-08,Avatar,2009,https://boxd.it/1Efm
2023-04-08,Harry Potter and the Goblet of Fire,2005,https://boxd.it/29Qo
2023-04-08,Iron Man 2,2010,https://boxd.it/1WZM
2023-04-08,Pirates of the Caribbean: The Curse of the Black Pearl,2003,https://boxd.it/70G
2023-04-08,Charlie and the Chocolate Factory,2005,https://boxd.it/2b68
2023-04-08,Incredibles 2,2018,https://boxd.it/7IPg
2023-04-08,Frozen,2013,https://boxd.it/3GNa
2023-04-08,Wonder Woman,2017,https://boxd.it/9roG
2023-04-08,Moana,2016,https://boxd.it/8tfY
2023-04-08,The Nightmare Before Christmas,1993,https://boxd.it/1YzQ
2023-04-08,E.T. the Extra-Terrestrial,1982,https://boxd.it/2a1G
2023-04-08,Star Wars: Episode II - Attack of the Clones,2002,https://boxd.it/27V2
2023-04-08,John Wick,2014,https://boxd.it/7dEc
2023-04-08,Star Wars: The Rise of Skywalker,2019,https://boxd.it/5xlK
2023-04-08,Prisoners,2013,https://boxd.it/4E5i
2023-04-08,The Tale of the Princess Kaguya,2013,https://boxd.it/4JQI
2023-04-08,Mary and Max,2009,https://boxd.it/1y2m
2023-04-08,Kiki's Delivery Service,1989,https://boxd.it/1JAY
2023-04-08,Millennium Actress,2001,https://boxd.it/1fK0
2023-04-08,Nausicaä of the Valley of the Wind,1984,https://boxd.it/2bc6
2023-04-08,The Wind Rises,2013,https://boxd.it/4JQS
2023-04-08,Castle in the Sky,1986,https://boxd.it/1W4G
2023-04-08,Porco Rosso,1992,https://boxd.it/1Tp2
2023-04-08,The Cat Returns,2002,https://boxd.it/1Mne
2023-04-08,Whisper of the Heart,1995,https://boxd.it/17uy
2023-04-08,Lupin the Third: The Castle of Cagliostro,1979,https://boxd.it/1Mn4
2023-04-08,Luther: The Fallen Sun,2023,https://boxd.it/r3t4
2023-04-08,Finding Dory,2016,https://boxd.it/4aAA
2023-04-08,War for the Planet of the Apes,2017,https://boxd.it/8FE2
2023-04-08,Casino Royale,2006,https://boxd.it/1alk
2023-04-08,The Girl with the Dragon Tattoo,2011,https://boxd.it/2Pa
2023-04-08,Spectre,2015,https://boxd.it/6bXY
2023-04-08,Quantum of Solace,2008,https://boxd.it/1Vs8
2023-04-08,Lara Croft: Tomb Raider,2001,https://boxd.it/27G2
2023-04-08,GoldenEye,1995,https://boxd.it/29KU
2023-04-08,Mamma Mia! Here We Go Again,2018,https://boxd.it/gnfO
2023-04-08,Die Another Day,2002,https://boxd.it/1a5G
2023-04-08,Tomorrow Never Dies,1997,https://boxd.it/29Kg
2023-04-08,The World Is Not Enough,1999,https://boxd.it/1a94
2023-04-08,Dante's Peak,1997,https://boxd.it/1YdK
2023-04-08,The Thomas Crown Affair,1999,https://boxd.it/29im
2023-04-08,Silent Hill,2006,https://boxd.it/2a3C
2023-04-08,Patriot Games,1992,https://boxd.it/1XEA
2023-04-08,Death Race 2,2010,https://boxd.it/AXM
2023-04-08,Snowpiercer,2013,https://boxd.it/3Icg
2023-04-08,Bird Box,2018,https://boxd.it/eh1i
2023-04-08,Speed,1994,https://boxd.it/28qk
2023-04-08,Minions,2015,https://boxd.it/6jCO
2023-04-08,Miss Congeniality,2000,https://boxd.it/28GM
2023-04-08,Miss Congeniality 2: Armed and Fabulous,2005,https://boxd.it/1XeC
2023-04-08,Speed 2: Cruise Control,1997,https://boxd.it/28qa
2023-04-08,The Net,1995,https://boxd.it/28pG
2023-04-08,John Wick: Chapter 2,2017,https://boxd.it/ayGu
2023-04-08,The Matrix Reloaded,2003,https://boxd.it/2a1c
2023-04-08,John Wick: Chapter 3 - Parabellum,2019,https://boxd.it/gmFw
2023-04-08,The Matrix Revolutions,2003,https://boxd.it/2a12
2023-04-08,Point Break,1991,https://boxd.it/2958
2023-04-08,Constantine,2005,https://boxd.it/2a7E
2023-04-08,Always Be My Maybe,2019,https://boxd.it/iB2y
2023-04-08,Bill & Ted's Excellent Adventure,1989,https://boxd.it/28oI
2023-04-08,Keanu,2016,https://boxd.it/brha
2023-04-08,Red Notice,2021,https://boxd.it/ixtq
2023-04-08,Harold & Kumar Go to White Castle,2004,https://boxd.it/1Ueu
2023-04-08,A Million Ways to Die in the West,2014,https://boxd.it/5H9k
2023-04-08,Hitman's Wife's Bodyguard,2021,https://boxd.it/iZdq
2023-04-08,Blade: Trinity,2004,https://boxd.it/1a8q
2023-04-08,R.I.P.D.,2013,https://boxd.it/FQQ
2023-04-08,Ocean's Eleven,2001,https://boxd.it/2aZm
2023-04-08,Ocean's Thirteen,2007,https://boxd.it/2aEy
2023-04-08,Contagion,2011,https://boxd.it/13rq
2023-04-08,The Bourne Identity,2002,https://boxd.it/26EO
2023-04-08,The Bourne Ultimatum,2007,https://boxd.it/26Eu
2023-04-08,The Bourne Supremacy,2004,https://boxd.it/26EE
2023-04-08,Elysium,2013,https://boxd.it/2cBm
2023-04-08,Jason Bourne,2016,https://boxd.it/ayYy
2023-04-08,EuroTrip,2004,https://boxd.it/1YTQ
2023-04-08,"O Brother, Where Art Thou?",2000,https://boxd.it/2b3I
2023-04-08,Michael Clayton,2007,https://boxd.it/2466
2023-04-08,"South Park: Bigger, Longer & Uncut",1999,https://boxd.it/1YAO
2023-04-08,The Men Who Stare at Goats,2009,https://boxd.it/1Wza
2023-04-08,Three Kings,1999,https://boxd.it/21IG
2023-04-08,The Perfect Storm,2000,https://boxd.it/27n0
2023-04-08,Spy Game,2001,https://boxd.it/28Fk
2023-04-08,Ghostbusters,2016,https://boxd.it/Vm8
2023-04-08,Friday,1995,https://boxd.it/1VLO
2023-04-08,White Chicks,2004,https://boxd.it/1SpK
2023-04-08,Bridget Jones's Diary,2001,https://boxd.it/29WQ
2023-04-08,About a Boy,2002,https://boxd.it/2aMC
2023-04-08,Robbie the Reindeer: Hooves of Fire,1999,https://boxd.it/1QfS
2023-04-08,The Lost Daughter,2021,https://boxd.it/kgww
2023-04-08,Muriel's Wedding,1994,https://boxd.it/2aO4
2023-04-08,The Castle,1997,https://boxd.it/1Pho
2023-04-08,Phone Booth,2002,https://boxd.it/285G
2023-04-08,Twin Peaks: Fire Walk with Me,1992,https://boxd.it/27Qw
2023-04-08,In Bruges,2008,https://boxd.it/20n8
2023-04-08,Seven Psychopaths,2012,https://boxd.it/34PW
2023-04-08,Daredevil,2003,https://boxd.it/1YzG
2023-04-08,Total Recall,2012,https://boxd.it/Ro
2023-04-08,Solo: A Star Wars Story,2018,https://boxd.it/bGWs
2023-04-08,A Goofy Movie,1995,https://boxd.it/1Lwu
2023-04-08,Babe,1995,https://boxd.it/1Yh8
2023-04-08,mother!,2017,https://boxd.it/dgRU
2023-04-08,Raiders of the Lost Ark,1981,https://boxd.it/2bbs
2023-04-08,Indiana Jones and the Last Crusade,1989,https://boxd.it/2baO
2023-04-08,Indiana Jones and the Temple of Doom,1984,https://boxd.it/2bb8
2023-04-08,Indiana Jones and the Kingdom of the Crystal Skull,2008,https://boxd.it/2aR8
2023-04-08,Air Force One,1997,https://boxd.it/1XQw
2023-04-08,Brüno,2009,https://boxd.it/1GSA
2023-04-08,The Fugitive,1993,https://boxd.it/230G
2023-04-08,The Secret Life of Pets 2,2019,https://boxd.it/ewPM
2023-04-08,The Mask of Zorro,1998,https://boxd.it/1YVi
2023-04-08,Entrapment,1999,https://boxd.it/282i
2023-04-08,Hannibal,2001,https://boxd.it/1XVc
2023-04-08,Blood Diamond,2006,https://boxd.it/28Tm
2023-04-08,The Man in the Iron Mask,1998,https://boxd.it/1YZO
2023-04-08,Cruella,2021,https://boxd.it/bbKg
2023-04-08,Gangster Squad,2013,https://boxd.it/2TVa
2023-04-08,Scarface,1983,https://boxd.it/2b7g
2023-04-08,X-Men Origins: Wolverine,2009,https://boxd.it/27ug
2023-04-08,X2,2003,https://boxd.it/1a7i
2023-04-08,X-Men: The Last Stand,2006,https://boxd.it/1a5Q
2023-04-08,X-Men,2000,https://boxd.it/1a7s
2023-04-08,X-Men: Apocalypse,2016,https://boxd.it/7eJi
2023-04-08,X-Men: First Class,2011,https://boxd.it/FOA
2023-04-08,X-Men: Days of Future Past,2014,https://boxd.it/4aRw
2023-04-08,Van Helsing,2004,https://boxd.it/21aa
2023-04-08,Big Fish,2003,https://boxd.it/2a3M
2023-04-08,Moulin Rouge!,2001,https://boxd.it/29wI
2023-04-08,House of Gucci,2021,https://boxd.it/nVkC
2023-04-08,Now You See Me 2,2016,https://boxd.it/99fw
2023-04-08,Horns,2013,https://boxd.it/4J8Q
2023-04-08,Frank,2014,https://boxd.it/5hII
2023-04-08,300,2006,https://boxd.it/28XI
2023-04-08,Steve Jobs,2015,https://boxd.it/araG
2023-04-08,Assassin's Creed,2016,https://boxd.it/41IK
2023-04-08,The Book of Eli,2010,https://boxd.it/1Dnu
2023-04-08,The Equalizer,2014,https://boxd.it/4TUK
2023-04-08,The Taking of Pelham 1 2 3,2009,https://boxd.it/1GS6
2023-04-08,Remember the Titans,2000,https://boxd.it/1VLk
2023-04-08,Predestination,2014,https://boxd.it/6bJM
2023-04-08,Logan's Run,1976,https://boxd.it/1Vma
2023-04-08,Super Troopers,2001,https://boxd.it/12Rs
2023-04-08,Life of Brian,1979,https://boxd.it/2a4q
2023-04-08,The Meaning of Life,1983,https://boxd.it/249E
2023-04-08,And Now for Something Completely Different,1971,https://boxd.it/1Z74
2023-04-08,Train to Busan,2016,https://boxd.it/dSQU
2023-04-08,Captain America: Civil War,2016,https://boxd.it/89Ja
2023-04-08,10 Cloverfield Lane,2016,https://boxd.it/aZiu
2023-04-08,Captain America: The Winter Soldier,2014,https://boxd.it/3r58
2023-04-08,What We Do in the Shadows,2014,https://boxd.it/7eQy
2023-04-08,Zero Dark Thirty,2012,https://boxd.it/3n1w
2023-04-08,Indie Game: The Movie,2012,https://boxd.it/2Nju
2023-04-08,From Up on Poppy Hill,2011,https://boxd.it/2VCa
2023-04-08,The Secret World of Arrietty,2010,https://boxd.it/AF4
2023-04-08,A Serious Man,2009,https://boxd.it/1RFW
2023-04-08,Watchmen,2009,https://boxd.it/1QE4
2023-04-08,Gran Torino,2008,https://boxd.it/1Qzy
2023-04-08,Slumdog Millionaire,2008,https://boxd.it/1S3E
2023-04-08,Pan's Labyrinth,2006,https://boxd.it/28No
2023-04-08,The Da Vinci Code,2006,https://boxd.it/2a3i
2023-04-08,V for Vendetta,2005,https://boxd.it/29Ik
2023-04-08,Serenity,2005,https://boxd.it/1Km4
2023-04-08,The Hitchhiker's Guide to the Galaxy,2005,https://boxd.it/20VE
2023-04-08,The Day After Tomorrow,2004,https://boxd.it/2aog
2023-04-08,Garden State,2004,https://boxd.it/2asW
2023-04-08,Matchstick Men,2003,https://boxd.it/215a
2023-04-08,Freaky Friday,2003,https://boxd.it/1WwK
2023-04-08,How to Lose a Guy in 10 Days,2003,https://boxd.it/1XwG
2023-04-08,28 Days Later,2002,https://boxd.it/2aXU
2023-04-08,Bend It Like Beckham,2002,https://boxd.it/2am0
2023-04-08,Black Hawk Down,2001,https://boxd.it/29rI
2023-04-08,My Big Fat Greek Wedding,2002,https://boxd.it/20k4
2023-04-08,Amélie,2001,https://boxd.it/2aUc
2023-04-08,Chicken Run,2000,https://boxd.it/20Xg
2023-04-08,For the Birds,2000,https://boxd.it/1P6K
2023-04-08,Galaxy Quest,1999,https://boxd.it/29gq
2023-04-08,American Beauty,1999,https://boxd.it/71Y
2023-04-08,Office Space,1999,https://boxd.it/28Em
2023-04-08,A Bug's Life,1998,https://boxd.it/1Yyy
2023-04-08,Blade,1998,https://boxd.it/1a8A
2023-04-08,Deep Impact,1998,https://boxd.it/1ZYM
2023-04-08,Geri's Game,1997,https://boxd.it/1P6U
2023-04-08,Alien Resurrection,1997,https://boxd.it/20zI
2023-04-08,The Jackal,1997,https://boxd.it/23MA
2023-04-08,Starship Troopers,1997,https://boxd.it/2a7k
2023-04-08,Contact,1997,https://boxd.it/29OM
2023-04-08,Romy and Michele's High School Reunion,1997,https://boxd.it/1Yf2
2023-04-08,Beavis and Butt-Head Do America,1996,https://boxd.it/25zo
2023-04-08,Independence Day,1996,https://boxd.it/2a1w
2023-04-08,DragonHeart,1996,https://boxd.it/1ZMm
2023-04-08,Waterworld,1995,https://boxd.it/1XLG
2023-04-08,Pocahontas,1995,https://boxd.it/1W2g
2023-04-08,Stargate,1994,https://boxd.it/27iu
2023-04-08,A Few Good Men,1992,https://boxd.it/29nw
2023-04-08,Aladdin,1992,https://boxd.it/29yE
2023-04-08,Batman Returns,1992,https://boxd.it/2awa
2023-04-08,Alien³,1992,https://boxd.it/20zS
2023-04-08,My Cousin Vinny,1992,https://boxd.it/1WpO
2023-04-08,Hook,1991,https://boxd.it/29nQ
2023-04-08,Pretty Woman,1990,https://boxd.it/2b6M
2023-04-08,Back to the Future Part III,1990,https://boxd.it/2aTS
2023-04-08,The Hunt for Red October,1990,https://boxd.it/28lk
2023-04-08,Back to the Future Part II,1989,https://boxd.it/2aYI
2023-04-08,When Harry Met Sally...,1989,https://boxd.it/29W2
2023-04-08,Weekend at Bernie's,1989,https://boxd.it/204U
2023-04-08,Batman,1989,https://boxd.it/2aIU
2023-04-08,Ghostbusters II,1989,https://boxd.it/261s
2023-04-08,Licence to Kill,1989,https://boxd.it/29L4
2023-04-08,Coming to America,1988,https://boxd.it/1Ygu
2023-04-08,Big,1988,https://boxd.it/271S
2023-04-08,Beetlejuice,1988,https://boxd.it/24QI
2023-04-08,The Princess Bride,1987,https://boxd.it/26EY
2023-04-08,Aliens,1986,https://boxd.it/29PA
2023-04-08,Highlander,1986,https://boxd.it/20GE
2023-04-08,Dune,1984,https://boxd.it/29tY
2023-04-08,Gremlins,1984,https://boxd.it/29gg
2023-04-08,Poltergeist,1982,https://boxd.it/2a0o
2023-04-08,Moonraker,1979,https://boxd.it/29MQ
2023-04-08,The Man with the Golden Gun,1974,https://boxd.it/29P6
2023-04-08,The Rocky Horror Picture Show,1975,https://boxd.it/1a3q
2023-04-08,Rocky,1976,https://boxd.it/28Uk
2023-04-08,The Rescuers,1977,https://boxd.it/1U8Q
2023-04-08,The Spy Who Loved Me,1977,https://boxd.it/29NY
2023-04-08,Live and Let Die,1973,https://boxd.it/2aLk
2023-04-08,Diamonds Are Forever,1971,https://boxd.it/29Pg
2023-04-08,Willy Wonka & the Chocolate Factory,1971,https://boxd.it/2aLu
2023-04-08,Thunderball,1965,https://boxd.it/29SE
2023-04-08,You Only Live Twice,1967,https://boxd.it/29Rw
2023-04-08,From Russia with Love,1963,https://boxd.it/29T8
2023-04-08,Goldfinger,1964,https://boxd.it/29SY
2023-04-08,Dr. No,1962,https://boxd.it/29UU
2023-04-08,The Ten Commandments,1956,https://boxd.it/21mg
2023-04-08,Bambi,1942,https://boxd.it/25AQ
2023-04-08,Rabbit of Seville,1950,https://boxd.it/xGo
2023-04-08,Fantasia,1940,https://boxd.it/29HG
2023-04-08,Snow White and the Seven Dwarfs,1937,https://boxd.it/2arO
2023-04-08,Dumbo,1941,https://boxd.it/1U2o
2023-04-08,Pinocchio,1940,https://boxd.it/1V8C
2023-04-08,The Birds,1963,https://boxd.it/2a6m
2023-04-08,Suspiria,1977,https://boxd.it/1SNW
2023-04-08,Friday the 13th,1980,https://boxd.it/24fs
2023-04-08,The Blues Brothers,1980,https://boxd.it/2adi
2023-04-08,Friday the 13th Part 2,1981,https://boxd.it/1XXC
2023-04-08,Friday the 13th Part III,1982,https://boxd.it/1XX8
2023-04-08,Friday the 13th: The Final Chapter,1984,https://boxd.it/1XWO
2023-04-08,Beverly Hills Cop,1984,https://boxd.it/2baE
2023-04-08,A Nightmare on Elm Street,1984,https://boxd.it/2aw0
2023-04-08,A View to a Kill,1985,https://boxd.it/29Lo
2023-04-08,Big Trouble in Little China,1986,https://boxd.it/21em
2023-04-08,Edward Scissorhands,1990,https://boxd.it/2aZc
2023-04-08,Home Alone 2: Lost in New York,1992,https://boxd.it/29F6
2023-04-08,Robin Hood: Men in Tights,1993,https://boxd.it/20H8
2023-04-08,Hocus Pocus,1993,https://boxd.it/1Wgi
2023-04-08,Cool Runnings,1993,https://boxd.it/29qg
2023-04-08,Four Weddings and a Funeral,1994,https://boxd.it/29KA
2023-04-08,Junior,1994,https://boxd.it/21Qg
2023-04-08,James and the Giant Peach,1996,https://boxd.it/1W0O
2023-04-08,Jingle All the Way,1996,https://boxd.it/1Z58
2023-04-08,The Long Kiss Goodnight,1996,https://boxd.it/1TUa
2023-04-08,Hercules,1997,https://boxd.it/1SDW
2023-04-08,The Lost World: Jurassic Park,1997,https://boxd.it/2azS
2023-04-08,Bean,1997,https://boxd.it/28WA
2023-04-08,The Full Monty,1997,https://boxd.it/1YI4
2023-04-08,MouseHunt,1997,https://boxd.it/21PM
2023-04-08,Mulan,1998,https://boxd.it/1VFw
2023-04-08,Antz,1998,https://boxd.it/1ZB4
2023-04-08,The Wog Boy,2000,https://boxd.it/1Jzc
2023-04-08,Coyote Ugly,2000,https://boxd.it/21PW
2023-04-08,The Emperor's New Groove,2000,https://boxd.it/1Tey
2023-04-08,How the Grinch Stole Christmas,2000,https://boxd.it/1ZHQ
2023-04-08,A Knight's Tale,2001,https://boxd.it/1YAk
2023-04-08,Legally Blonde,2001,https://boxd.it/1ZNa
2023-04-08,Rush Hour 2,2001,https://boxd.it/23ga
2023-04-08,Lilo & Stitch,2002,https://boxd.it/1TAY
2023-04-08,Crackerjack,2002,https://boxd.it/1NBG
2023-04-08,The Ring,2002,https://boxd.it/2a70
2023-04-08,Johnny English,2003,https://boxd.it/1YyI
2023-04-08,Harvie Krumpet,2003,https://boxd.it/1Cp0
2023-04-08,The Cat in the Hat,2003,https://boxd.it/1VSU
2023-04-08,Saw,2004,https://boxd.it/2aWW
2023-04-08,The Notebook,2004,https://boxd.it/1UNE
2023-04-08,Crash,2004,https://boxd.it/28q0
2023-04-08,Team America: World Police,2004,https://boxd.it/24QS
2023-04-08,Hard Candy,2005,https://boxd.it/26vs
2023-04-08,Corpse Bride,2005,https://boxd.it/24WQ
2023-04-08,Da Kath & Kim Code,2005,https://boxd.it/N6Q
2023-04-08,Saw II,2005,https://boxd.it/2aRs
2023-04-08,"The Chronicles of Narnia: The Lion, the Witch and the Wardrobe",2005,https://boxd.it/2ark
2023-04-08,She's the Man,2006,https://boxd.it/1Y7W
2023-04-08,Pirates of the Caribbean: Dead Man's Chest,2006,https://boxd.it/2bfk
2023-04-08,Perfume: The Story of a Murderer,2006,https://boxd.it/28LW
2023-04-08,Death at a Funeral,2007,https://boxd.it/27dO
2023-04-08,Mr. Bean's Holiday,2007,https://boxd.it/28Yc
2023-04-08,Paranormal Activity,2007,https://boxd.it/1yIM
2023-04-08,Sweeney Todd: The Demon Barber of Fleet Street,2007,https://boxd.it/1PcS
2023-04-08,Taken,2008,https://boxd.it/1ZXa
2023-04-08,Wanted,2008,https://boxd.it/1ZBS
2023-04-08,District 9,2009,https://boxd.it/1Iik
2023-04-08,Hot Tub Time Machine,2010,https://boxd.it/1zIS
2023-04-08,Despicable Me,2010,https://boxd.it/1DD8
2023-04-08,The Hangover Part II,2011,https://boxd.it/PZI
2023-04-08,Johnny English Reborn,2011,https://boxd.it/kQq
2023-04-08,Kath & Kimderella,2012,https://boxd.it/4guy
2023-04-08,Taken 2,2012,https://boxd.it/2TWi
2023-04-08,Warm Bodies,2013,https://boxd.it/2TFm
2023-04-08,Despicable Me 2,2013,https://boxd.it/3gg0
2023-04-08,Monsters University,2013,https://boxd.it/bQm
2023-04-08,Despicable Me 3,2017,https://boxd.it/azpu
2023-04-08,The Death of Stalin,2017,https://boxd.it/ea9Y
2023-04-08,Pitch Perfect 3,2017,https://boxd.it/bUre
2023-04-08,Hereditary,2018,https://boxd.it/hNVe
2023-04-08,Wonder Woman 1984,2020,https://boxd.it/gBtA
2023-04-08,Luca,2021,https://boxd.it/ipjC
2023-04-08,Encanto,2021,https://boxd.it/kPRu
2023-04-08,Twin Peaks: The Return,2017,https://boxd.it/hN9O
2023-04-08,The Craic,1999,https://boxd.it/1P8G
2023-04-08,An American Tail,1986,https://boxd.it/23wM
2023-04-08,The Lone Ranger,2013,https://boxd.it/ngU
2023-04-08,Fight for Your Right Revisited,2011,https://boxd.it/a6s
2023-04-08,Anastasia,1997,https://boxd.it/1YFk
2023-04-08,2012,2009,https://boxd.it/1OE2
2023-04-08,Be Kind Rewind,2008,https://boxd.it/23Au
2023-04-08,Bad Moms,2016,https://boxd.it/d5nk
2023-04-08,Old School,2003,https://boxd.it/1TmM
2023-04-08,Cedar Rapids,2011,https://boxd.it/zU8
2023-04-08,Charlie's Angels,2000,https://boxd.it/24v6
2023-04-08,Funny Farm,1988,https://boxd.it/1OCA
2023-04-08,Sgt. Bilko,1996,https://boxd.it/1Zas
2023-04-08,City Slickers,1991,https://boxd.it/28P0
2023-04-08,Analyze That,2002,https://boxd.it/1XuK
2023-04-08,Analyze This,1999,https://boxd.it/1Yr8
2023-04-08,The Adventures of Rocky & Bullwinkle,2000,https://boxd.it/1IaK
2023-04-08,City Slickers II: The Legend of Curly's Gold,1994,https://boxd.it/1Uai
2023-04-08,Sunshine,2007,https://boxd.it/28Xy
2023-04-08,Bridesmaids,2011,https://boxd.it/rac
2023-04-08,28 Weeks Later,2007,https://boxd.it/28Bi
2023-04-09,Up in Smoke,1978,https://boxd.it/1TOm
2023-04-10,Transformers,2007,https://boxd.it/280c
2023-04-10,Transformers: Revenge of the Fallen,2009,https://boxd.it/20gG
2023-04-10,Disturbia,2007,https://boxd.it/20rk
2023-04-10,Transformers: Dark of the Moon,2011,https://boxd.it/16aC
2023-04-10,The Boondock Saints,1999,https://boxd.it/20gw
2023-04-10,The Boondock Saints II: All Saints Day,2009,https://boxd.it/1A0i
2023-04-10,The Monuments Men,2014,https://boxd.it/4OxQ
2023-04-14,Ticket to Paradise,2022,https://boxd.it/u8Cc
2023-04-15,The Incredible Hulk,2008,https://boxd.it/28dU
2023-04-15,The Bourne Legacy,2012,https://boxd.it/H16
2023-04-15,Keeping the Faith,2000,https://boxd.it/23yo
2023-04-15,Assault on Precinct 13,2005,https://boxd.it/1Zsw
2023-04-17,Kung Fu Hustle,2004,https://boxd.it/1YBi
2023-04-17,Accepted,2006,https://boxd.it/1XO6
2023-04-17,He's Just Not That Into You,2009,https://boxd.it/1WSG
2023-04-17,Terminator Salvation,2009,https://boxd.it/2abQ
2023-04-17,Gamer,2009,https://boxd.it/1GQk
2023-04-17,Source Code,2011,https://boxd.it/fdo
2023-04-19,The Usual Suspects,1995,https://boxd.it/29XE
2023-04-19,Ella Enchanted,2004,https://boxd.it/1O5G
2023-04-19,Secret Window,2004,https://boxd.it/28xq
2023-04-19,Chocolat,2000,https://boxd.it/2aue
2023-04-19,Lara Croft: Tomb Raider - The Cradle of Life,2003,https://boxd.it/27FS
2023-04-19,Salt,2010,https://boxd.it/1rtK
2023-04-19,Gone in Sixty Seconds,2000,https://boxd.it/1Y4y
2023-04-19,Olympus Has Fallen,2013,https://boxd.it/3TMY
2023-04-19,The Lego Batman Movie,2017,https://boxd.it/azp0
2023-04-19,Chicken Little,2005,https://boxd.it/1Xnu
2023-04-19,Wish I Was Here,2014,https://boxd.it/6Pf8
2023-04-19,The Hangover Part III,2013,https://boxd.it/3GNY
2023-04-19,The Hobbit: The Battle of the Five Armies,2014,https://boxd.it/43aU
2023-04-19,Babe: Pig in the City,1998,https://boxd.it/1YEQ
2023-04-19,Othello,1995,https://boxd.it/1K8w
2023-04-19,Macbeth,2006,https://boxd.it/1Pry
2023-04-19,Closer,2004,https://boxd.it/270K
2023-04-19,eXistenZ,1999,https://boxd.it/27Ni
2023-04-21,Spring Breakers,2012,https://boxd.it/421s
2023-04-21,The Interview,2014,https://boxd.it/6KQ4
2023-04-21,The Dictator,2012,https://boxd.it/2DEW
2023-04-30,"Crazy, Stupid, Love.",2011,https://boxd.it/D9A
2023-04-30,Ghosts of Girlfriends Past,2009,https://boxd.it/1RIm
2023-04-30,Elektra,2005,https://boxd.it/1XsE
2023-04-30,Booksmart,2019,https://boxd.it/igNS
2023-04-30,We're the Millers,2013,https://boxd.it/4srQ
2023-04-30,The Bounty Hunter,2010,https://boxd.it/1rtU
2023-04-30,Good Omens,2019,https://boxd.it/jUOI
